{
    "destination": [
        1.0,
        5.0,
        0.5235987755982988
    ],
    "length": 2.0,
    "obstacles": [
        [
            [
                -3.0,
                1.0
            ],
            [
                2.0,
                1.0
            ],
            [
                2.0,
                2.0
            ],
            [
                -3.0,
                2.0
            ]
        ],
        [
            [
                -3.0,
                -1.0
            ],
            [
                -3.0,
                0.0
            ],
            [
                -5.0,
                -1.0
            ]
        ],
        [
            [
                5.0,
                -4.0
            ],
            [
                7.0,
                -1.0
            ],
            [
                3.0,
                -4.0
            ]
        ],
        [
            [
                -8.0,
                8.0
            ],
            [
                -7.0,
                8.0
            ],
            [
                -7.0,
                -8.0
            ],
            [
                -8.0,
                -8.0
            ]
        ],
        [
            [
                -7.0,
                8.0
            ],
            [
                8.0,
                8.0
            ],
            [
                8.0,
                7.0
            ],
            [
                -7.0,
                7.0
            ]
        ],
        [
            [
                8.0,
                -8.0
            ],
            [
                7.0,
                -8.0
            ],
            [
                7.0,
                7.0
            ],
            [
                8.0,
                7.0
            ]
        ],
        [
            [
                7.0,
                -7.0
            ],
            [
                -7.0,
                -7.0
            ],
            [
                -7.0,
                -8.0
            ],
            [
                7.0,
                -8.0
            ]
        ]
    ],
    "origin": [
        -2.0,
        -4.0,
        -0.17453292519943295
    ]
}